month,grid_imported_kwh,bill_jpy,solar_generated_kwh,solar_exported_kwh,export_deposit_jpy
2023-06,210,8190,680,180,0
2023-07,290,11890,740,190,0
2023-08,340,14620,790,210,5420
2023-09,230,9430,620,150,0
2023-10,180,7200,560,130,0
2023-11,260,10660,490,110,3850
2023-12,380,16340,430,80,0
2024-01,440,19360,450,90,0
2024-02,390,16770,480,100,2450
2024-03,280,11760,610,140,0
2024-04,190,7790,690,170,0
2024-05,170,6970,750,200,4600
2024-06,220,9020,670,170,0
2024-07,310,13330,760,200,0
2024-08,360,15840,780,220,5800
